{"['644', '232', '74']": [null, null], "['903', '785', '236']": [null, null], "['746', '932', '582']": [null, null], "['944', '625', '256']": [null, null], "['7', '184', '77']": [-0.4253615608822453, -25.86035272483204], "['3', '333', '257']": [-0.7772137648919303, -110.22278623510806], "['770', '636', '630']": [null, null], "['92', '755', '664']": [-1.0017518079377523, -7.204769931192683], "['329', '507', '756']": [null, null], "['826', '921', '43']": [-0.048826499864886026, -1.0661856066726443], "['516', '61', '48']": [null, null], "['671', '889', '15']": [-0.017093426650684408, -1.3077947998768864], "['493', '102', '827']": [null, null], "['621', '527', '900']": [null, null], "['402', '234', '404']": [null, null], "['887', '661', '104']": [-0.22568662662432512, -0.5195219415831157], "['381', '629', '91']": [-0.1602240654891454, -1.4906945696814584], "['766', '425', '539']": [null, null], "['988', '332', '346']": [null, null], "['129', '39', '846']": [null, null], "['9', '525', '977']": [-1.92444045644499, -56.408892876888345], "['650', '524', '112']": [null, null], "['136', '867', '341']": [-0.4211299400073877, -5.953870059992613], "['79', '42', '516']": [null, null], "['825', '239', '218']": [null, null], "['645', '432', '812']": [null, null], "['825', '141', '614']": [null, null], "['57', '412', '299']": [-0.818389262479893, -6.409680912958704], "['149', '139', '764']": [null, null], "['423', '886', '650']": [null, null], "['409', '332', '318']": [null, null], "['481', '298', '628']": [null, null], "['945', '583', '558']": [null, null], "['311', '132', '74']": [null, null], "['572', '681', '938']": [null, null], "['971', '991', '449']": [null, null], "['832', '664', '7']": [-0.010685230254723276, -0.7873916928221998], "['197', '945', '603']": [-0.7578129721000897, -4.039141342620723], "['408', '245', '343']": [null, null], "['542', '282', '633']": [null, null], "['667', '321', '79']": [null, null], "['694', '670', '542']": [null, null], "['517', '323', '573']": [null, null], "['594', '83', '744']": [null, null], "['288', '962', '479']": [-0.6089275698131037, -2.731350207964674], "['374', '376', '830']": [null, null], "['630', '107', '723']": [null, null], "['10', '509', '562']": [-1.129175589631012, -49.77082441036899], "['172', '430', '655']": [null, null], "['773', '9', '368']": [null, null], "['79', '653', '678']": [-1.2176621583842564, -7.04816062642587], "['814', '955', '181']": [-0.2376798431030931, -0.9355388301155801], "['765', '993', '909']": [null, null], "['264', '702', '610']": [null, null], "['472', '372', '185']": [null, null], "['647', '857', '733']": [null, null], "['512', '839', '642']": [null, null], "['296', '922', '574']": [-0.8600038752287472, -2.254860989636118], "['292', '362', '423']": [null, null], "['885', '483', '239']": [null, null], "['889', '750', '365']": [null, null], "['680', '127', '493']": [null, null], "['144', '614', '830']": [null, null], "['788', '681', '604']": [null, null], "['499', '84', '327']": [null, null], "['973', '427', '311']": [null, null], "['771', '355', '893']": [null, null], "['3', '148', '753']": [-5.760465450017023, -43.57286788331631], "['645', '590', '604']": [null, null], "['51', '841', '126']": [-0.1512081560393502, -16.338987922392022], "['323', '292', '501']": [null, null], "['80', '809', '331']": [-0.42719350191099964, -9.685306498089], "['837', '334', '646']": [null, null], "['21', '1000', '439']": [-0.4431235276763887, -47.17592409137123], "['991', '32', '893']": [null, null], "['532', '387', '661']": [null, null], "['900', '359', '1']": [-0.0028052436002537384, -0.39608364528863516], "['7', '759', '405']": [-0.5362489333726005, -107.89232249519884], "['408', '573', '674']": [null, null], "['411', '874', '340']": [-0.5125590207779532, -1.6139616604872535], "['490', '152', '851']": [null, null], "['239', '361', '268']": [null, null], "['118', '296', '569']": [null, null], "['437', '885', '548']": [null, null], "['604', '770', '566']": [null, null], "['520', '86', '244']": [null, null], "['573', '514', '323']": [null, null], "['218', '996', '542']": [-0.6314482577000217, -3.9373590817495194], "['445', '852', '481']": [null, null], "['698', '658', '968']": [null, null], "['516', '445', '747']": [null, null], "['1', '424', '768']": [-1.8191255132855702, -422.1808744867144], "['989', '458', '783']": [null, null], "['558', '793', '22']": [-0.02830656229466525, -1.3928403911103526], "['673', '723', '156']": [-0.2989684091258128, -0.7753257959261931], "['795', '374', '508']": [null, null], "['257', '375', '917']": [null, null], "['641', '102', '702']": [null, null], "['561', '523', '683']": [null, null], "['685', '14', '106']": [null, null]}